world,count,mean,median,min,max
4,28,295.4497458083289,233.7612589597702,100.50470614433289,709.5924651622772
